Keyword,SV,KD,CPC,PPC,Cluster,Intent,Priority,Target_Article,Status
mangools,1500,28,19.54,61,Reviews,Commercial,Tier 1,Mangools Review 2026 The Tools I Use Daily,To Write
mangools review,140,34,51.59,8,Reviews,Commercial,Tier 1,Mangools Review 2026 The Tools I Use Daily,To Write
mangools pricing,30,68,19.84,50,Pricing,Commercial,Tier 2,Mangools Pricing Worth It in 2026,To Write
mangools alternatives,130,,,0,Alternatives,Commercial,Tier 2,Mangools Alternatives 5 Budget Tools That Punch Above Weight,To Write
mangools vs semrush,70,23,,3,Comparisons,Commercial,Tier 2,Mangools vs Semrush Underdog Comparison,To Write
mangools vs ahrefs,50,15,,11,Comparisons,Commercial,Tier 2,Ahrefs vs Mangools Budget vs Premium,To Write
mangools worth it,,,,Reviews,Commercial,Tier 3,Mangools Review 2026 The Tools I Use Daily,Skip - no volume
mangools free,10,,,29,Reviews,Informational,Tier 3,Mangools Free Tools What You Actually Get,To Write
kwfinder,920,26,9.51,57,Reviews,Commercial,Tier 1,KWFinder Review The Keyword Tool That Stays Open in My Browser,To Write
kwfinder review,20,35,,14,Reviews,Commercial,Tier 2,KWFinder Review The Keyword Tool That Stays Open in My Browser,To Write
serpwatcher,40,22,16.05,64,Reviews,Commercial,Tier 2,SERPWatcher Review Daily Rank Tracking Without the Bloat,To Write
linkminer,10,23,10.92,28,Reviews,Commercial,Tier 3,LinkMiner Review Backlink Checking on a Budget,To Write
