Program,Keyword,SV,KD,CPC,PPC,Cluster,Intent,Priority,Target_Article,Status,Est_Monthly_USD
Semrush,semrush vs ahrefs,740,18,9.32,28,Comparisons,Commercial,Tier 1,Semrush vs Ahrefs I Ran Both for 90 Days,To Write,1.66
Use-case Hubs,agency rank tracker,1300,23,,1,Hubs,Commercial,Tier 1,Agency Rank Tracker Why You Need One,To Write,0.0
Use-case Hubs,white label seo reports,560,23,33.39,9,Hubs,Commercial,Tier 1,White Label SEO Reporting for Agencies,To Write,0.0
Hunter.io,hunter email finder,3600,25,10.79,5,Tools,Commercial,Tier 1,Hunter.io Review for Cold Outreach,To Write,6.99
Mangools,kwfinder,920,26,9.51,57,Reviews,Commercial,Tier 1,KWFinder Review The Keyword Tool That Stays Open in My Browser,To Write,1.84
Mangools,mangools,1500,28,19.54,61,Reviews,Commercial,Tier 1,Mangools Review 2026 The Tools I Use Daily,To Write,6.16
Semrush,semrush pro plan,570,28,0.0,1,Pricing,Commercial,Tier 1,Semrush Pro Plan Review Who Its For,To Write,0.0
Ahrefs,ahrefs,44300,31,20.04,37,Reviews,Commercial,Tier 1,Ahrefs Review for Serious SEOs,To Write,106.53
Use-case Hubs,local seo tools,1600,31,14.01,14,Tools,Commercial,Tier 1,Local SEO Tools That Win the Map Pack,To Write,0.0
Ahrefs,ahrefs vs semrush,760,31,9.32,28,Comparisons,Commercial,Tier 1,Semrush vs Ahrefs I Ran Both for 90 Days,To Write,0.85
Ahrefs,ahrefs alternatives,570,31,14.84,22,Alternatives,Commercial,Tier 1,Ahrefs Alternatives Best SEO Tools That Cost Less,To Write,1.02
Use-case Hubs,shopify seo,1600,32,15.62,34,Hubs,Commercial,Tier 1,Shopify SEO Tools The 2026 Stack,To Write,0.0
Semrush,semrush pricing,1900,33,4.13,53,Pricing,Commercial,Tier 1,Semrush Pricing Breakdown Worth It in 2026,To Write,1.88
Surfer SEO,surfer seo,5500,35,12.6,53,Reviews,Commercial,Tier 1,Surfer SEO Review Worth the Hype,To Write,41.58
Use-case Hubs,shopify seo tools,590,36,12.77,11,Hubs,Commercial,Tier 1,Shopify SEO Tools The 2026 Stack,To Write,0.0
Hunter.io,hunter io,11200,38,9.67,58,Reviews,Commercial,Tier 1,Hunter.io Review for Cold Outreach,To Write,19.49
Ahrefs,ahrefs pricing,1000,38,16.3,37,Pricing,Commercial,Tier 1,Ahrefs Pricing What You Actually Pay,To Write,1.96
Use-case Hubs,best seo tools for agencies,830,38,57.65,11,Hubs,Commercial,Tier 1,Best SEO Tools for Agencies 2026,To Write,0.0
Semrush,semrush alternatives,800,39,17.43,34,Alternatives,Commercial,Tier 1,Semrush Alternatives 12 Tools for Agencies in 2026,To Write,3.35
SE Ranking,se ranking,7600,,7.3,54,Reviews,Commercial,Tier 1,SE Ranking Review 2026 An Honest Take,To Write,9.99
Use-case Hubs,keyword research tool,4300,,10.22,29,Tools,Commercial,Tier 1,Best Keyword Research Tools Tested,To Write,0.0
Use-case Hubs,ai seo tools,2300,,28.21,15,Hubs,Commercial,Tier 1,Best AI SEO Tools Tested,To Write,0.0
Use-case Hubs,best ai seo tool,1000,,21.0,5,Tools,Commercial,Tier 1,Best AI SEO Tools Tested,To Write,0.0
Use-case Hubs,best keyword research tool,660,,17.09,16,Tools,Commercial,Tier 1,Best Keyword Research Tools Tested,To Write,0.0
SE Ranking,se ranking pricing,590,,10.89,43,Pricing,Commercial,Tier 1,SE Ranking Pricing vs Semrush Which One Saves Money,To Write,1.16
SE Ranking,se ranking vs ahrefs,150,16,8.58,16,Comparisons,Commercial,Tier 2,SE Ranking vs Ahrefs Which Wins,To Write,0.23
Use-case Hubs,best seo tools for ecommerce,150,19,11.68,1,Hubs,Commercial,Tier 2,SEO Tools for Ecommerce Shopify and Beyond,To Write,0.0
Use-case Hubs,white label seo dashboard,160,21,,5,Hubs,Commercial,Tier 2,White Label SEO Reporting for Agencies,To Write,0.0
Use-case Hubs,white label seo tools,380,26,31.34,10,Hubs,Commercial,Tier 2,White Label SEO Tools for Agencies,To Write,0.0
Frase,frase seo,150,26,15.67,17,Tools,Commercial,Tier 2,Frase for SEO Content Optimization,To Write,0.42
Frase,frase ai,130,26,13.73,57,Tools,Commercial,Tier 2,Frase Review AI Content Optimization That Actually Works,To Write,0.32
Use-case Hubs,best seo tools for beginners,220,27,13.19,2,Hubs,Commercial,Tier 2,SEO Tools for Beginners The Honest Starter Kit,To Write,0.0
Use-case Hubs,content optimization tool,290,28,14.8,5,Tools,Commercial,Tier 2,Best Content Optimization Tools,To Write,0.0
Surfer SEO,surfer seo review,250,28,21.01,16,Reviews,Commercial,Tier 2,Surfer SEO Review Worth the Hype,To Write,3.15
Use-case Hubs,ecommerce seo tools,150,28,,2,Hubs,Commercial,Tier 2,SEO Tools for Ecommerce Shopify and Beyond,To Write,0.0
Surfer SEO,surfer seo pricing,130,28,10.19,24,Pricing,Commercial,Tier 2,Surfer SEO Pricing Which Plan Wins,To Write,0.79
Frase,frase alternatives,100,28,16.13,3,Alternatives,Commercial,Tier 2,Frase Alternatives Best AI Content Optimization Tools,To Write,0.29
Use-case Hubs,best shopify seo apps,240,29,16.68,19,Hubs,Commercial,Tier 2,Shopify SEO Tools The 2026 Stack,To Write,0.0
Use-case Hubs,ai content optimization,200,29,13.53,6,Tools,Commercial,Tier 2,Best AI Content Optimization Tools,To Write,0.0
SE Ranking,se ranking vs semrush,360,30,6.19,17,Comparisons,Commercial,Tier 2,Semrush vs SE Ranking Which Is Better in 2026,To Write,0.4
Ahrefs,ahrefs review,260,30,14.52,10,Reviews,Commercial,Tier 2,Ahrefs Review for Serious SEOs,To Write,0.45
Semrush,tools similar to semrush,110,30,18.23,61,Alternatives,Commercial,Tier 2,Semrush Alternatives 12 Tools for Agencies in 2026,To Write,0.48
Semrush,semrush vs moz vs ahrefs,270,31,12.68,17,Comparisons,Commercial,Tier 2,Semrush vs Ahrefs vs Moz The 2026 Verdict,To Write,0.82
Semrush,moz vs semrush vs ahrefs,270,32,12.68,17,Comparisons,Commercial,Tier 2,Semrush vs Ahrefs vs Moz The 2026 Verdict,To Write,0.82
Frase,frase review,140,32,,1,Reviews,Commercial,Tier 2,Frase Review AI Content Optimization That Actually Works,To Write,0.0
Semrush,semrush free alternative,310,33,10.19,63,Alternatives,Commercial,Tier 2,Free Alternatives to Semrush What Actually Works,To Write,0.76
Semrush,semrush pricing plans,190,33,7.64,20,Pricing,Commercial,Tier 2,Semrush Pro Plan Review Who Its For,To Write,0.35
Semrush,semrush vs ahrefs vs moz,120,33,0.0,14,Comparisons,Commercial,Tier 2,Semrush vs Ahrefs vs Moz The 2026 Verdict,To Write,0.0
Semrush,semrush review,440,34,13.76,32,Reviews,Commercial,Tier 2,Semrush Review 2026 An Agency Owners Take,To Write,1.45
Mangools,mangools review,140,34,51.59,8,Reviews,Commercial,Tier 2,Mangools Review 2026 The Tools I Use Daily,To Write,1.52
Use-case Hubs,seo tools for beginners,310,35,,3,Hubs,Commercial,Tier 2,SEO Tools for Beginners The Honest Starter Kit,To Write,0.0
Semrush,tools like semrush,110,35,18.23,61,Alternatives,Commercial,Tier 2,Semrush Alternatives 12 Tools for Agencies in 2026,To Write,0.48
Semrush,best semrush alternative,110,35,19.06,33,Alternatives,Commercial,Tier 2,Best Semrush Alternative for Agencies vs Solopreneurs,To Write,0.5
Semrush,semrush pricing plan,190,36,7.64,20,Pricing,Commercial,Tier 2,Semrush Pro Plan Review Who Its For,To Write,0.35
Semrush,semrush api cost,170,37,9.55,26,Pricing,Commercial,Tier 2,Semrush Pro Pricing Guru vs Pro Worth the Upgrade,To Write,0.39
Semrush,ahrefs semrush,270,38,12.54,56,Comparisons,Commercial,Tier 2,Semrush vs Ahrefs I Ran Both for 90 Days,To Write,0.81
Use-case Hubs,seo reporting tools,240,38,17.68,6,Tools,Commercial,Tier 2,SEO Reporting Tools for Agencies,To Write,0.0
Semrush,semrush api pricing,170,38,9.55,26,Pricing,Commercial,Tier 2,Semrush Pro Pricing Guru vs Pro Worth the Upgrade,To Write,0.39
Semrush,ahrefs vs semrush vs moz,270,39,12.68,17,Comparisons,Commercial,Tier 2,Semrush vs Ahrefs vs Moz The 2026 Verdict,To Write,0.82
Use-case Hubs,best seo audit tools,170,39,19.33,29,Tools,Commercial,Tier 2,Best SEO Audit Tools Tested,To Write,0.0
Semrush,ahrefs vs moz vs semrush,270,40,12.68,17,Comparisons,Commercial,Tier 2,Semrush vs Ahrefs vs Moz The 2026 Verdict,To Write,0.82
Frase,frase,7000,41,10.25,13,Reviews,Commercial,Tier 2,Frase Review AI Content Optimization That Actually Works,To Write,12.92
Use-case Hubs,free seo tools,3500,41,10.71,15,Hubs,Commercial,Tier 2,Free SEO Tools That Actually Work,To Write,0.0
SE Ranking,se ranking review,880,41,22.56,11,Reviews,Commercial,Tier 2,SE Ranking Review 2026 An Honest Take,To Write,3.57
Surfer SEO,surfer seo alternatives,490,41,20.91,4,Alternatives,Commercial,Tier 2,Surfer SEO Alternatives for Content Teams,To Write,6.15
Semrush,semrush pro pricing,290,41,4.63,21,Pricing,Commercial,Tier 2,Semrush Pro Pricing Guru vs Pro Worth the Upgrade,To Write,0.32
Ahrefs,ahrefs cost,1000,43,16.3,37,Pricing,Commercial,Tier 2,Ahrefs Pricing What You Actually Pay,To Write,1.96
Ahrefs,ahrefs vs moz,260,43,29.53,7,Comparisons,Commercial,Tier 2,Semrush vs Ahrefs vs Moz The 2026 Verdict,To Write,0.92
Semrush,ahrefs vs moz,220,43,29.53,7,Comparisons,Commercial,Tier 2,Semrush vs Ahrefs vs Moz The 2026 Verdict,To Write,1.56
Use-case Hubs,best rank tracker,1300,44,24.81,7,Hubs,Commercial,Tier 2,Agency Rank Tracker Why You Need One,To Write,0.0
Use-case Hubs,competitor analysis seo,1200,44,13.84,10,Tools,Commercial,Tier 2,Competitor Analysis SEO Toolkit,To Write,0.0
Semrush,semrush cost,250,44,5.94,39,Pricing,Commercial,Tier 2,Semrush Pricing Breakdown Worth It in 2026,To Write,0.36
SE Ranking,seranking,130,46,7.26,29,Reviews,Navigational,Tier 2,SE Ranking Review 2026 An Honest Take,To Write,0.17
Ahrefs,ahrefs free,830,61,16.8,20,Reviews,Informational,Tier 2,Ahrefs Free Tools What You Actually Get,To Write,1.67
Use-case Hubs,seo audit tool,2200,65,15.58,19,Tools,Commercial,Tier 2,Best SEO Audit Tools Tested,To Write,0.0
Hunter.io,hunter io pricing,220,,12.96,66,Pricing,Commercial,Tier 2,Hunter.io Pricing Plans Compared,To Write,0.51
Hunter.io,hunter.io chrome extension,220,,,0,Tools,Informational,Tier 2,Hunter.io Chrome Extension Guide,To Write,0.0
Mangools,mangools alternatives,130,,,0,Alternatives,Commercial,Tier 2,Mangools Alternatives 5 Budget Tools That Punch Above Weight,To Write,0.0
Semrush,semrush vs ahrefs reddit,60,0,0.0,2,Comparisons,Informational,Tier 3,Semrush vs Ahrefs I Ran Both for 90 Days,To Write,0.0
Semrush,ahrefs vs semrush reddit,50,0,0.0,1,Comparisons,Informational,Tier 3,Semrush vs Ahrefs I Ran Both for 90 Days,To Write,0.0
Semrush,compare ahrefs and semrush,50,0,0.0,0,Comparisons,Commercial,Tier 3,Semrush vs Ahrefs I Ran Both for 90 Days,To Write,0.0
Semrush,ahrefs vs seomoz,50,0,0.0,0,Comparisons,Informational,Tier 3,Semrush vs Ahrefs vs Moz The 2026 Verdict,To Write,0.0
Semrush,semrush alternative reddit,30,0,12.75,54,Alternatives,Informational,Tier 3,Semrush Alternatives 12 Tools for Agencies in 2026,To Write,0.09
Semrush,traffic cost semrush,30,0,0.0,1,Pricing,Informational,Tier 3,Semrush Pricing Breakdown Worth It in 2026,To Write,0.0
Semrush,companies like semrush,20,0,13.52,52,Alternatives,Informational,Tier 3,Semrush Alternatives 12 Tools for Agencies in 2026,To Write,0.06
Semrush,site like semrush,20,0,0.0,0,Alternatives,Informational,Tier 3,Semrush Alternatives 12 Tools for Agencies in 2026,To Write,0.0
Semrush,keyword overview semrush,10,0,0.0,14,Reviews,Informational,Tier 3,Semrush Review 2026 An Agency Owners Take,To Write,0.0
Semrush,semrush competitive positioning map,10,0,0.0,0,Reviews,Informational,Tier 3,Semrush Review 2026 An Agency Owners Take,To Write,0.0
Semrush,semrush nonprofit pricing,10,12,0.0,0,Pricing,Commercial,Tier 3,Semrush Pro Pricing Guru vs Pro Worth the Upgrade,To Write,0.0
Semrush,ahrefs vs spyfu vs semrush,50,14,0.0,0,Comparisons,Commercial,Tier 3,Ahrefs vs SpyFu vs Semrush Competitor Research,To Write,0.0
Mangools,mangools vs ahrefs,50,15,,11,Comparisons,Commercial,Tier 3,Ahrefs vs Mangools Budget vs Premium,To Write,0.0
Surfer SEO,surfer seo vs clearscope,40,15,,8,Comparisons,Commercial,Tier 3,Surfer SEO vs Clearscope Head to Head,To Write,0.0
Frase,frase vs surfer seo,20,17,12.51,16,Comparisons,Commercial,Tier 3,Surfer SEO vs Frase AI Content Face Off,To Write,0.05
Surfer SEO,surfer seo vs frase,10,17,,14,Comparisons,Commercial,Tier 3,Surfer SEO vs Frase AI Content Face Off,To Write,0.0
Hunter.io,hunter io alternatives,80,18,23.86,71,Alternatives,Commercial,Tier 3,Hunter.io Alternatives for Email Finding,To Write,0.34
Semrush,semrush vs ahrefs vs moz vs ubersuggest,50,18,0.0,21,Comparisons,Commercial,Tier 3,Semrush vs Ahrefs vs Moz The 2026 Verdict,To Write,0.0
Ahrefs,ahrefs vs mangools,30,19,11.02,39,Comparisons,Commercial,Tier 3,Ahrefs vs Mangools Budget vs Premium,To Write,0.04
Mangools,serpwatcher,40,22,16.05,64,Reviews,Commercial,Tier 3,SERPWatcher Review Daily Rank Tracking Without the Bloat,To Write,0.13
Semrush,semrush seo writing assistant review,10,22,0.0,0,Reviews,Informational,Tier 3,Semrush Review 2026 An Agency Owners Take,To Write,0.0
Mangools,mangools vs semrush,70,23,,3,Comparisons,Commercial,Tier 3,Mangools vs Semrush Underdog Comparison,To Write,0.0
Semrush,cheap semrush alternative,30,23,20.55,37,Alternatives,Commercial,Tier 3,Cheap Semrush Alternatives 7 Tools Under 50 mo,To Write,0.15
Mangools,linkminer,10,23,10.92,28,Reviews,Commercial,Tier 3,LinkMiner Review Backlink Checking on a Budget,To Write,0.02
Use-case Hubs,best white label seo,50,24,31.03,56,Hubs,Commercial,Tier 3,White Label SEO Tools for Agencies,To Write,0.0
Hunter.io,hunter io review,80,25,13.55,52,Reviews,Commercial,Tier 3,Hunter.io Review for Cold Outreach,To Write,0.2
Semrush,semrush affiliate review,10,25,0.0,0,Reviews,Informational,Tier 3,Semrush Affiliate Program Review Is It Worth Promoting,To Write,0.0
SE Ranking,se ranking alternatives,60,26,22.85,2,Alternatives,Commercial,Tier 3,SE Ranking Alternatives Worth Considering,To Write,0.25
Semrush,semrush agency growth kit review,10,26,0.0,0,Reviews,Informational,Tier 3,Semrush Review 2026 An Agency Owners Take,To Write,0.0
Semrush,semrush affiliate program review,10,27,0.0,0,Reviews,Informational,Tier 3,Semrush Affiliate Program Review Is It Worth Promoting,To Write,0.0
Semrush,free sites like semrush,40,28,0.0,0,Alternatives,Commercial,Tier 3,Free Alternatives to Semrush What Actually Works,To Write,0.0
SE Ranking,se ranking cost,10,28,12.33,44,Pricing,Commercial,Tier 3,SE Ranking Pricing vs Semrush Which One Saves Money,To Write,0.02
Semrush,semrush com pricing,50,29,5.36,46,Pricing,Navigational,Tier 3,Semrush Pricing Breakdown Worth It in 2026,To Write,0.06
Frase,frase pricing,20,29,11.12,28,Pricing,Commercial,Tier 3,Frase Pricing Worth It for Solo Creators,To Write,0.04
Semrush,semrush similar sites,90,30,17.07,56,Alternatives,Commercial,Tier 3,Semrush Alternatives 12 Tools for Agencies in 2026,To Write,0.37
Semrush,free tools like semrush,50,30,20.74,83,Alternatives,Commercial,Tier 3,Free Alternatives to Semrush What Actually Works,To Write,0.25
Semrush,best free alternative to semrush,20,30,0.0,64,Alternatives,Commercial,Tier 3,Free Alternatives to Semrush What Actually Works,To Write,0.0
Semrush,semrush academy reviews,10,30,0.0,0,Reviews,Informational,Tier 3,Semrush Review 2026 An Agency Owners Take,To Write,0.0
Semrush,semrush guru pricing,10,30,0.0,10,Pricing,Commercial,Tier 3,Semrush Pro Pricing Guru vs Pro Worth the Upgrade,To Write,0.0
Semrush,semrush yearly pricing,10,30,7.84,43,Pricing,Commercial,Tier 3,Semrush Pricing Breakdown Worth It in 2026,To Write,0.02
Semrush,sites like semrush,90,31,17.07,56,Alternatives,Commercial,Tier 3,Free Alternatives to Semrush What Actually Works,To Write,0.37
Semrush,websites like semrush,90,31,17.07,56,Alternatives,Commercial,Tier 3,Semrush Alternatives 12 Tools for Agencies in 2026,To Write,0.37
Semrush,websites similar to semrush,90,31,17.07,56,Alternatives,Commercial,Tier 3,Semrush Alternatives 12 Tools for Agencies in 2026,To Write,0.37
Semrush,sites similar to semrush,90,31,17.07,56,Alternatives,Commercial,Tier 3,Semrush Alternatives 12 Tools for Agencies in 2026,To Write,0.37
Semrush,cost of semrush,70,31,7.9,40,Pricing,Commercial,Tier 3,Semrush Pricing Breakdown Worth It in 2026,To Write,0.13
Semrush,free websites like semrush,40,31,0.0,79,Alternatives,Commercial,Tier 3,Free Alternatives to Semrush What Actually Works,To Write,0.0
Semrush,semrush open source alternative,30,31,9.05,47,Alternatives,Commercial,Tier 3,Cheap Semrush Alternatives 7 Tools Under 50 mo,To Write,0.07
Semrush,semrush monthly pricing,30,31,0.0,4,Pricing,Commercial,Tier 3,Semrush Pricing Breakdown Worth It in 2026,To Write,0.0
Semrush,semrush subscription cost,10,31,4.68,40,Pricing,Commercial,Tier 3,Semrush Pricing Breakdown Worth It in 2026,To Write,0.01
Semrush,semrush worth it,10,31,13.12,40,Reviews,Commercial,Tier 3,Semrush Worth It in 2026 Pricing Breakdown,To Write,0.03
Semrush,semrush guru price,10,31,0.0,10,Pricing,Commercial,Tier 3,Semrush Pro Pricing Guru vs Pro Worth the Upgrade,To Write,0.0
Semrush,free alternative semrush,20,32,0.0,0,Alternatives,Commercial,Tier 3,Free Alternatives to Semrush What Actually Works,To Write,0.0
Semrush,seo tools like semrush,50,33,20.8,86,Alternatives,Commercial,Tier 3,Semrush Alternatives 12 Tools for Agencies in 2026,To Write,0.25
Semrush,semrush cheaper alternative,40,33,15.15,35,Alternatives,Commercial,Tier 3,Cheap Semrush Alternatives 7 Tools Under 50 mo,To Write,0.15
Semrush,similar to semrush,30,33,27.76,32,Alternatives,Commercial,Tier 3,Semrush Alternatives 12 Tools for Agencies in 2026,To Write,0.2
Semrush,semrush vs ahrefs for keyword research,40,34,0.0,14,Comparisons,Commercial,Tier 3,Semrush vs Ahrefs I Ran Both for 90 Days,To Write,0.0
Semrush,cheaper alternative to semrush,60,35,17.2,46,Alternatives,Commercial,Tier 3,Cheap Semrush Alternatives 7 Tools Under 50 mo,To Write,0.25
Frase,frase io review,50,35,8.03,22,Reviews,Commercial,Tier 3,Frase Review AI Content Optimization That Actually Works,To Write,0.07
Semrush,semrush monthly cost,20,35,7.84,43,Pricing,Commercial,Tier 3,Semrush Pricing Breakdown Worth It in 2026,To Write,0.04
Mangools,kwfinder review,20,35,,14,Reviews,Commercial,Tier 3,KWFinder Review The Keyword Tool That Stays Open in My Browser,To Write,0.0
Semrush,ahrefs or semrush,90,36,10.33,10,Comparisons,Commercial,Tier 3,Semrush vs Ahrefs I Ran Both for 90 Days,To Write,0.22
Semrush,semrush or ahrefs,70,36,11.87,50,Comparisons,Commercial,Tier 3,Semrush vs Ahrefs I Ran Both for 90 Days,To Write,0.2
Semrush,best alternative to semrush,40,36,0.0,2,Alternatives,Commercial,Tier 3,Best Semrush Alternative for Agencies vs Solopreneurs,To Write,0.0
Semrush,semrush plans and pricing,40,36,6.62,33,Pricing,Commercial,Tier 3,Semrush Pro Plan Review Who Its For,To Write,0.06
Semrush,semrush cost per month,30,36,4.75,42,Pricing,Commercial,Tier 3,Semrush Pricing Breakdown Worth It in 2026,To Write,0.03
Semrush,semrush traffic cost,30,36,0.0,1,Comparisons,Informational,Tier 3,Semrush Pricing Breakdown Worth It in 2026,To Write,0.0
Semrush,review of semrush,80,38,0.0,57,Reviews,Commercial,Tier 3,Semrush Review 2026 An Agency Owners Take,To Write,0.0
Semrush,semrush and ahrefs,40,38,11.56,54,Comparisons,Commercial,Tier 3,Semrush vs Ahrefs I Ran Both for 90 Days,To Write,0.11
Semrush,ahrefs and semrush,30,38,34.43,50,Comparisons,Commercial,Tier 3,Semrush vs Ahrefs I Ran Both for 90 Days,To Write,0.25
Semrush,semrush tool price,20,38,0.0,0,Pricing,Commercial,Tier 3,Semrush Pricing Breakdown Worth It in 2026,To Write,0.0
Semrush,which is better ahrefs vs semrush,30,39,0.0,5,Comparisons,Commercial,Tier 3,Semrush vs Ahrefs I Ran Both for 90 Days,To Write,0.0
Semrush,semrush trustpilot,20,39,0.0,14,Reviews,Informational,Tier 3,Semrush Review 2026 An Agency Owners Take,To Write,0.0
Semrush,moz vs ahrefs vs semrush,30,40,0.0,14,Comparisons,Commercial,Tier 3,Semrush vs Ahrefs vs Moz The 2026 Verdict,To Write,0.0
Semrush,semrush agency pricing,10,40,0.0,46,Pricing,Commercial,Tier 3,Semrush Pro Plan Review Who Its For,To Write,0.0
Semrush,semrush reviews reddit,10,41,0.0,0,Reviews,Informational,Tier 3,Semrush Review 2026 An Agency Owners Take,To Write,0.0
Semrush,semrush rating,10,49,0.0,29,Reviews,Informational,Tier 3,Semrush Review 2026 An Agency Owners Take,To Write,0.0
Surfer SEO,surfer seo vs semrush,90,52,16.6,19,Comparisons,Commercial,Tier 3,Semrush vs Surfer SEO All in One vs Content,To Write,0.9
Semrush,semrush overview,10,60,0.0,15,Reviews,Informational,Tier 3,Semrush Review 2026 An Agency Owners Take,To Write,0.0
Mangools,mangools pricing,30,68,19.84,50,Pricing,Commercial,Tier 3,Mangools Pricing Worth It in 2026,To Write,0.12
SE Ranking,se ranking free,60,,,62,Reviews,Informational,Tier 3,SE Ranking Free Trial What You Get,To Write,0.0
Surfer SEO,surfer seo free trial,50,,16.08,41,Reviews,Commercial,Tier 3,Surfer SEO Free Trial Guide,To Write,0.48
Use-case Hubs,rank tracking tool for agencies,40,,,0,Hubs,Commercial,Tier 3,Agency Rank Tracker Why You Need One,To Write,0.0
Hunter.io,hunter.io free,30,,,30,Reviews,Informational,Tier 3,Hunter.io Free Plan What You Actually Get,To Write,0.0
Mangools,mangools free,10,,,29,Reviews,Informational,Tier 3,Mangools Free Tools What You Actually Get,To Write,0.0
Surfer SEO,surfer seo cost,10,,,57,Pricing,Commercial,Tier 3,Surfer SEO Pricing Which Plan Wins,To Write,0.0
Frase,frase vs jasper,10,,,14,Comparisons,Commercial,Tier 3,Frase vs Jasper AI Writing Tools Compared,To Write,0.0
Ahrefs,ahrefs worth it,10,,,0,Reviews,Commercial,Tier 3,Ahrefs Review for Serious SEOs,To Write,0.0
Mangools,mangools worth it,,,,,Commercial,Tier 3,Tier 3,Skip - no volume,,0.0
SE Ranking,se ranking worth it,,,,,Commercial,Tier 3,Tier 3,Skip - no volume,,0.0
Surfer SEO,surfer seo worth it,,,,,Commercial,Tier 2,Tier 3,Skip - no volume,,0.0
Hunter.io,hunter.io cost,,,,,Commercial,Tier 3,Tier 3,Skip - no volume,,0.0
Hunter.io,hunter.io vs,,,,,Commercial,Tier 3,Tier 3,Skip - incomplete query,,0.0
Hunter.io,hunter io for sales,,,,,Commercial,Tier 3,Tier 3,Skip - no volume,,0.0
Frase,frase worth it,,,,,Commercial,Tier 3,Tier 3,Skip - no volume,,0.0
Use-case Hubs,best seo tools for agencies 2026,,,,,Commercial,Tier 1,Tier 3,Skip - use parent,,0.0
Use-case Hubs,seo tools for beginners free,,,,,Informational,Tier 3,Tier 3,Skip - no volume,,0.0
Use-case Hubs,backlink checker,,,,,Commercial,Tier 3,Tier 3,Skip - no volume,,0.0
Semrush,ahrefs vs semrush 2018,50,0,0.0,0,Comparisons,Informational,Skip,Outdated skip,Skip,0.0
Semrush,semrush pricing 2023,20,0,0.0,0,Pricing,Informational,Skip,Outdated skip,Skip,0.0
Semrush,sellerly semrush,20,0,0.0,0,Reviews,Informational,Skip,Irrelevant product skip,Skip,0.0
Semrush,semrush review 2022,10,0,0.0,0,Reviews,Informational,Skip,Year-specific outdated skip,Skip,0.0
Semrush,semrush cost 2022,10,0,0.0,0,Pricing,Informational,Skip,Year-specific outdated skip,Skip,0.0
Semrush,semrush review 2023,20,9,0.0,0,Reviews,Informational,Skip,Year-specific outdated skip,Skip,0.0
Semrush,matthew woodward semrush review,10,21,0.0,0,Reviews,Informational,Skip,Brand-name outdated skip,Skip,0.0
Semrush,semrush review 2018,10,25,0.0,0,Reviews,Informational,Skip,Year-specific outdated skip,Skip,0.0
Semrush,semrush review 2020,10,28,0.0,0,Reviews,Informational,Skip,Year-specific outdated skip,Skip,0.0
Semrush,wix semrush,20,47,0.0,0,Reviews,Informational,Skip,Out of scope skip,Skip,0.0
